{
  "rendered_shape_count": 79,
  "precision": 0.4154512279548948,
  "recall": 0.14045442343255982,
  "f1": 0.2099347705536587,
  "coverage_ratio": 0.31774965698264035,
  "blank_output_penalty": 0.0,
  "structure_score": 6.132698292290355,
  "input_edge_pixels": 268208,
  "output_edge_pixels": 85223,
  "overlap_pixels": 35406
}