{
  "rendered_shape_count": 78,
  "precision": 0.3899368200168784,
  "recall": 0.13437705064725886,
  "f1": 0.1998747801436837,
  "coverage_ratio": 0.32693282825269937,
  "blank_output_penalty": 0.0,
  "structure_score": 5.807035573080205,
  "input_edge_pixels": 268208,
  "output_edge_pixels": 87686,
  "overlap_pixels": 34192
}