{
  "rendered_shape_count": 85,
  "precision": 0.5652567408343436,
  "recall": 0.13724045913735677,
  "f1": 0.2208580892442455,
  "coverage_ratio": 0.18918901456045642,
  "blank_output_penalty": 0.0,
  "structure_score": 7.266863109421885,
  "input_edge_pixels": 309537,
  "output_edge_pixels": 58561,
  "overlap_pixels": 33102
}