{
  "rendered_shape_count": 52,
  "precision": 0.30115936333267834,
  "recall": 0.08538149495913619,
  "f1": 0.1330438224611882,
  "coverage_ratio": 0.18974079818648212,
  "blank_output_penalty": 0.0,
  "structure_score": 4.11690480584415,
  "input_edge_pixels": 268208,
  "output_edge_pixels": 50890,
  "overlap_pixels": 15326
}