{
  "rendered_shape_count": 80,
  "precision": 0.46796148951759065,
  "recall": 0.15463371711507487,
  "f1": 0.23245480793913828,
  "coverage_ratio": 0.29006219053868637,
  "blank_output_penalty": 0.0,
  "structure_score": 6.836366258442222,
  "input_edge_pixels": 268208,
  "output_edge_pixels": 77797,
  "overlap_pixels": 36406
}