{
  "rendered_shape_count": 12,
  "precision": 0.7568803783239011,
  "recall": 0.04667293409188562,
  "f1": 0.08792404304015629,
  "coverage_ratio": 0.041671916442945434,
  "blank_output_penalty": 0.0,
  "structure_score": 6.988501708428921,
  "input_edge_pixels": 309537,
  "output_edge_pixels": 12899,
  "overlap_pixels": 9763
}