{
  "rendered_shape_count": 49,
  "precision": 0.22904244717328515,
  "recall": 0.07152284793891309,
  "f1": 0.1090063848829669,
  "coverage_ratio": 0.22073539939151704,
  "blank_output_penalty": 0.0,
  "structure_score": 3.262796536164543,
  "input_edge_pixels": 268208,
  "output_edge_pixels": 59203,
  "overlap_pixels": 13560
}