{
  "rendered_shape_count": 52,
  "precision": 0.39866235167206043,
  "recall": 0.04210538089840721,
  "f1": 0.07616632945935188,
  "coverage_ratio": 0.08640681858855813,
  "blank_output_penalty": 0.0,
  "structure_score": 4.031406431344628,
  "input_edge_pixels": 268208,
  "output_edge_pixels": 23175,
  "overlap_pixels": 9239
}