{
  "rendered_shape_count": 52,
  "precision": 0.23580435174709363,
  "recall": 0.08265972677921612,
  "f1": 0.12240955638677882,
  "coverage_ratio": 0.22738695340929427,
  "blank_output_penalty": 0.0,
  "structure_score": 3.5396293495610713,
  "input_edge_pixels": 268208,
  "output_edge_pixels": 60987,
  "overlap_pixels": 14381
}