{
  "rendered_shape_count": 48,
  "precision": 0.22649006622516557,
  "recall": 0.062130883493408104,
  "f1": 0.09751217249316999,
  "coverage_ratio": 0.20549349758396468,
  "blank_output_penalty": 0.0,
  "structure_score": 3.0545381996694867,
  "input_edge_pixels": 268208,
  "output_edge_pixels": 55115,
  "overlap_pixels": 12483
}