{
  "rendered_shape_count": 50,
  "precision": 0.22117922105524168,
  "recall": 0.07218278351130467,
  "f1": 0.10884389649722294,
  "coverage_ratio": 0.2105119906937899,
  "blank_output_penalty": 0.0,
  "structure_score": 3.213089438668027,
  "input_edge_pixels": 268208,
  "output_edge_pixels": 56461,
  "overlap_pixels": 12488
}