{
  "rendered_shape_count": 2,
  "precision": 0.028,
  "recall": 0.00012676728509216728,
  "f1": 0.0002523918903728401,
  "coverage_ratio": 0.007456899123068663,
  "blank_output_penalty": 0.6271550438465668,
  "structure_score": -18.58811596969516,
  "input_edge_pixels": 268208,
  "output_edge_pixels": 2000,
  "overlap_pixels": 56
}