{
  "rendered_shape_count": 31,
  "precision": 0.825874079915878,
  "recall": 0.0914103979001372,
  "f1": 0.16460210564178382,
  "coverage_ratio": 0.11346417705661278,
  "blank_output_penalty": 0.0,
  "structure_score": 8.435200597329768,
  "input_edge_pixels": 268208,
  "output_edge_pixels": 30432,
  "overlap_pixels": 25133
}