{
  "rendered_shape_count": 48,
  "precision": 0.2319728138402268,
  "recall": 0.06298469844299946,
  "f1": 0.09907011768305876,
  "coverage_ratio": 0.2051691224721112,
  "blank_output_penalty": 0.0,
  "structure_score": 3.1154764795818037,
  "input_edge_pixels": 268208,
  "output_edge_pixels": 55028,
  "overlap_pixels": 12765
}